1z5s_colised_opt_400k_prev_conf_-157.9563_inside_map_.pdb,116.35008047878394
1z5s_colised_opt_400k_prev_conf_-157.956_0_0.pdb,116.35008047878394
1z5s_colised_opt_400k_prev_conf_-73.5048_392000_0.pdb,63.83211805748666
1z5s_colised_opt_400k_prev_conf_-73.5049_388000_0.pdb,63.838192205198844
1z5s_colised_opt_400k_prev_conf_-73.5211_320000_0.pdb,63.825909052023555
1z5s_colised_opt_400k_prev_conf_-73.5211_324000_0.pdb,63.825909052023555
1z5s_colised_opt_400k_prev_conf_-73.5211_332000_0.pdb,63.825909052023555
1z5s_colised_opt_400k_prev_conf_-73.5211_336000_0.pdb,63.832475888876
1z5s_colised_opt_400k_prev_conf_-73.5211_352000_0.pdb,63.82959203343693
1z5s_colised_opt_400k_prev_conf_-73.5211_360000_0.pdb,63.83211805748666
1z5s_colised_opt_400k_prev_conf_-73.5212_292000_0.pdb,63.828448793073825
1z5s_colised_opt_400k_prev_conf_-73.5212_296000_0.pdb,63.831241693258
1z5s_colised_opt_400k_prev_conf_-73.5212_304000_0.pdb,63.821499933118496
1z5s_colised_opt_400k_prev_conf_-73.5212_312000_0.pdb,63.838192205198844
1z5s_colised_opt_400k_prev_conf_-73.5212_316000_0.pdb,63.83899773540569
1z5s_colised_opt_400k_prev_conf_-73.5213_264000_0.pdb,63.83485803454554
1z5s_colised_opt_400k_prev_conf_-73.5213_268000_0.pdb,63.84107606063791
1z5s_colised_opt_400k_prev_conf_-73.5213_272000_0.pdb,63.83334674234987
1z5s_colised_opt_400k_prev_conf_-73.5213_276000_0.pdb,63.839259705487
1z5s_colised_opt_400k_prev_conf_-73.5213_280000_0.pdb,63.84833776165983
1z5s_colised_opt_400k_prev_conf_-73.5214_244000_0.pdb,63.84900731670158
1z5s_colised_opt_400k_prev_conf_-73.5214_248000_0.pdb,63.83334674234987
1z5s_colised_opt_400k_prev_conf_-73.5214_252000_0.pdb,63.84200129141875
1z5s_colised_opt_400k_prev_conf_-73.5214_256000_0.pdb,63.832475888876
1z5s_colised_opt_400k_prev_conf_-73.521_372000_0.pdb,63.825909052023555
1z5s_colised_opt_400k_prev_conf_-73.521_376000_0.pdb,63.838192205198844
1z5s_colised_opt_400k_prev_conf_-73.5537_232000_0.pdb,63.846802784561284
1z5s_colised_opt_400k_prev_conf_-73.5537_240000_0.pdb,63.83938877913784
1z5s_colised_opt_400k_prev_conf_-73.5698_224000_0.pdb,63.88286504057969
1z5s_colised_opt_400k_prev_conf_-73.5698_228000_0.pdb,63.85878504653457
1z5s_colised_opt_400k_prev_conf_-73.5699_220000_0.pdb,63.90601192116699
1z5s_colised_opt_400k_prev_conf_-73.586_208000_0.pdb,63.88594860451846
1z5s_colised_opt_400k_prev_conf_-73.586_216000_0.pdb,63.88104679901352
1z5s_colised_opt_400k_prev_conf_-73.6021_204000_0.pdb,63.85396996535632
1z5s_colised_opt_400k_prev_conf_-74.0216_108000_0.pdb,63.879639723968104
1z5s_colised_opt_400k_prev_conf_-74.1211_104000_0.pdb,63.7909212019369
1z5s_colised_opt_400k_prev_conf_-74.2017_8000_0.00603273.pdb,63.834476156495434
1z5s_colised_opt_400k_prev_conf_-75.55_4000_0.0189304.pdb,66.25401353317999
1z5s_colised_opt_400k_prev_conf_0.0_incenter_.pdb,124.53566990494205
1z5s_colised_opt_400k_prev_conf_0.0_original_structure_.pdb,116.35008047878394
1z5s_colised_opt_400k_prev_conf_0.0_reversed_.pdb,116.35008047878394
1z5s_colised_opt_400k_prev_conf_0.0_simboxcells_.pdb,124.53566990494205
1z5s_super.pdb,44.20705811981047
